<?xml version="1.0" encoding="UTF-8"?>
<project-private xmlns="http://www.netbeans.org/ns/project-private/1">
    <editor-bookmarks xmlns="http://www.netbeans.org/ns/editor-bookmarks/2" lastBookmarkId="0"/>
    <open-files xmlns="http://www.netbeans.org/ns/projectui-open-files/2">
        <group>
            <file>file:/C:/Users/Rodrigo%20Ortiz/Documents/NetBeansProjects/DemoLogin/web/usuario.jsp</file>
            <file>file:/C:/Users/Rodrigo%20Ortiz/Documents/NetBeansProjects/DemoLogin/web/index.html</file>
            <file>file:/C:/Users/Rodrigo%20Ortiz/Documents/NetBeansProjects/DemoLogin/web/Assets/css/main.css</file>
            <file>file:/C:/Users/Rodrigo%20Ortiz/Documents/NetBeansProjects/DemoLogin/src/java/model/UsuarioDAO.java</file>
            <file>file:/C:/Users/Rodrigo%20Ortiz/Documents/NetBeansProjects/DemoLogin/src/java/controller/Controlador.java</file>
            <file>file:/C:/Users/Rodrigo%20Ortiz/Documents/NetBeansProjects/DemoLogin/web/Assets/css/styles.css</file>
            <file>file:/C:/Users/Rodrigo%20Ortiz/Documents/NetBeansProjects/DemoLogin/web/Assets/js/myscript.js</file>
            <file>file:/C:/Users/Rodrigo%20Ortiz/Documents/NetBeansProjects/DemoLogin/web/main.jsp</file>
        </group>
    </open-files>
</project-private>
